{"AD_score": 3784.0219511040937, "KE_score": 0.16643490688452706}